{
  "colors": {
    "default": {
      "theme_color": {
        "primary": "#121212",
        "body": "#fff",
        "border": "#eaeaea",
        "light": "#f2f2f2",
        "dark": "#000"
      },
      "text_color": {
        "text": "#444",
        "text-dark": "#000",
        "text-light": "#666"
      }
    },
    "darkmode": {
      "theme_color": {
        "primary": "#fff",
        "body": "#252525",
        "border": "#3E3E3E",
        "light": "#222222",
        "dark": "#000"
      },
      "text_color": {
        "text": "#DDD",
        "text-dark": "#fff",
        "text-light": "#DDD"
      }
    }
  },
  "fonts": {
    "font_family": {
      "primary": "Karla:wght@400;500;700",
      "primary_type": "sans-serif",
      "secondary": "",
      "secondary_type": ""
    },
    "font_size": {
      "base": "16",
      "scale": "1.2"
    }
  }
}
